{"base_lr": 1.9613655770513682e-06, "lr": 1.9613655770513682e-06, "data_time": 0.01005549430847168, "loss": 1.8125243186950684, "decode.loss_ce": 1.8125243186950684, "decode.acc_seg": 14.314663887023926, "time": 0.2772350311279297, "iter": 50, "memory": 9445, "step": 50}
{"base_lr": 3.962697798532355e-06, "lr": 3.962697798532355e-06, "data_time": 0.011697649955749512, "loss": 1.4535208880901336, "decode.loss_ce": 1.4535208880901336, "decode.acc_seg": 34.98956298828125, "time": 0.28344852924346925, "iter": 100, "memory": 5105, "step": 100}
