{"base_lr": 1.9613655770513682e-06, "lr": 1.9613655770513682e-06, "data_time": 0.007824969291687012, "loss": 0.9697396218776703, "decode.loss_ce": 0.9697396218776703, "decode.acc_seg": 45.49611282348633, "time": 0.4579371690750122, "iter": 50, "memory": 7340, "step": 50}
{"base_lr": 3.962697798532355e-06, "lr": 3.962697798532355e-06, "data_time": 0.007761764526367188, "loss": 0.8325673609972, "decode.loss_ce": 0.8325673609972, "decode.acc_seg": 76.34518432617188, "time": 0.45777301788330077, "iter": 100, "memory": 6694, "step": 100}
{"base_lr": 5.964030020013346e-06, "lr": 5.964030020013346e-06, "data_time": 0.008035802841186523, "loss": 0.6808685243129731, "decode.loss_ce": 0.6808685243129731, "decode.acc_seg": 66.07073974609375, "time": 0.4579189300537109, "iter": 150, "memory": 6694, "step": 150}
