{"base_lr": 1.9613655770513682e-06, "lr": 1.9613655770513682e-06, "data_time": 0.007260513305664062, "loss": 1.8046184659004212, "decode.loss_ce": 1.8046184659004212, "decode.acc_seg": 29.619216918945312, "time": 0.46416306495666504, "iter": 50, "memory": 9509, "step": 50}
